Oligo Name,Sequence (5' to 3'),Length
"9[217],7[230]",AAGTAATGTTACCAACACAACATACGAGTCATCAAAAGGTGG,42
"9[59],9[69]",AGGCTATACCAAGCGCGAAAGTACAACGGAATATAATTTTTAGCTCAACATGTTTTAACAGCGATTTTGAGG,72
"14[118],15[100]",ATATTTTTGTACCATTGTTAAATCAGCTCTGCCCGTTAAGCCCAATAATGAA,52
"0[111],3[100]",TACCTACTAGCAATGAGCCAGCAAAATCCTT,31
"33[237],5[57]",CTCCAAAAAAAAGGTTTTAAAAGGAGCCAATGAAACGATAGCAGCACGTGTTTTTTTATCAGT,63
"6[69],9[58]",ATCGCACAGGGTTTTAAGTTTATTTTGTCAG,31
"22[185],21[194]",GGAACCTATCTATAGGGTTGAGTGTCTTTACACAGAAGGAGCGGAAAATTACCTGAAAG,59
"32[160],33[142]",GGGCTTGTCATTGACAGACAATATTTTTCGTGCTTTATTAGCGTTTGCCGGG,52
"9[112],7[123]",AATACGTCATACATGCATGCCTGCAGGTTCGTAACGATTC,40
"26[76],27[58]",TTATTCACTGAATAAATATCTTTAGGAGATCAGGGTACAGGAGTGTACTAGT,52
"26[118],27[100]",GATTGCTTGCACGTTGGCAAATCAACAGGTTTTTTGAATTTACCGTTCCTGT,52
"3[153],4[168]-1",GCGTCGGTCGTTTTGCATAACCCATTAAAACTCAAACTATCGGCCTTGGGTGACGGA,57
"3[153],4[168]-2",CGACCGACGCTTTTGCATAACCCATTAAAACTCAAACTATCGGCCTTGGGTGACGGA,57
"3[195],1[207]-1",CGGGGTTTCGTTTTAAGGCCGCAACCGATCTTCGCTATTACGCCAAAGCGTCATT,55
"3[195],1[207]-2",CGAAACCCCGTTTTAAGGCCGCAACCGATCTTCGCTATTACGCCAAAGCGTCATT,55
"30[174],32[161]",AAGAATAAGAGCGGCATTTTCGGTCATACAACAGTGTAAATT,42
"1[124],5[139]",TCAAAGCGACAACTTTCCGACAATGACAACGTCACCGATCACTT,44
"1[166],5[181]",TTAGAGAGTGAACGAGTCGGTCGCTGAGGCTAAATATAAGGGCG,44
"12[90],14[77]",TAGGAACACATTAAAGAAACAATGAAATCAATAGAAATGGTT,42
"21[183],22[168]",GAAACATTTTTTAATGGAAAAAACCACAACAATTCGACAACGCCCGAGACAATTT,55
"21[217],19[230]",AAGAGAAAGTGCCCTTAAAGAACGTGGAGCCGTCAATGGCAA,42
"24[132],26[119]",AATATCTGTAAAGCAGAATGGAAAGCGCTTTAGTATTCGCCT,42
"34[230],30[217]",AGTAGCGTCACGTTACGTAACAAAGCTGTCAGGTCAAGGGAC,42
"19[124],18[141]",AGAGGGTAGGTAAATCGCGGGAGGTTTTGACGTCTTTGAAATCGGCAAAATAACGTT,57
"17[224],15[236]",CGGGCAACAATCATTGTGTAGGTAAAGAATCATAGTTCATC,41
"33[101],30[91]",TGTCTAAGAACTGGCTCAAGGGGGTCATTAAA,32
"21[112],19[123]",GAACCTCGCCAGTTATCCTGTTTGATGGAGATCTAGCCGG,40
"3[70],1[81]",TTTATCAAGCAAGGTAAAAGAGTCTGTCAAATGGATAAGA,40
"9[175],9[194]",TCGAGCCCCCAAAAATAGCTGTTTCCTGTCCGTGGATAACCTGTTTAGCTATGCGTAGAGAA,62
"35[98],33[111]",TGCGCCGACATCGCAATAGTAAAATGTTGCGATTTGTCTTTC,42
"17[182],15[194]",GCGTATTACAGGAATTTTTAGAACCCTCTTGGGTTCCAAGT,41
"21[237],29[57]",CGGGGTTTTGCTCATTTTCAGGCGGATAGGTAATAATAACGGGGTCAGTCAAAGTTTAAAAAC,63
"30[90],32[77]",AATACCGCCCGCCGCTCCCTCAGAGCCGAGTTAGCAGTCAGG,42
"22[167],18[154]",TATCCTGGCTATTTTAAATCAATATATGTTATCATAAATCCT,42
"33[59],33[69]",TCCAAATCTACGTTAATAAAACTAACGGAAACGATAA???CAAAATAGCGAGAGGCTTGAAGAAACAGACAG,72
"21[143],21[152]",CTTAATAACCTTGCTTCTCTTTTAAAAGTTTGAGTAACATGAGTGAAATCAA,52
"6[174],8[161]",CGGCGGACATGGTCGAACTGGCATGATTAGGCAGAAAAGCCA,42
"33[143],30[133]",ATTTTTAATTTCAACTTTCTGCGGATATTAGT,32
"27[112],25[123]",CAGGAGGAGTCTCTGGGGTCGAGGTGCCGGTCAGTAAAAC,40
"5[182],3[194]",ATCGGTGGGCTGCGATTGCTCCTTTTGACTGCTCCGAGTTA,41
"27[70],25[81]",GGTTGATTTGATGACGATGGCCCACTACTATCTAAATGGA,40
"4[188],1[165]",GGGAAGGTTGCAGGATGTTACTTAGCCGACCTTTACAACTGTTGCTGGTAATATCCCAGGA,61
"31[82],35[97]",TTTTGCCAGTTATACCGTAACGATCTAAAGGAACCGCCGCTTAA,44
"12[174],14[161]",TAAGCAAGGGAGAGCCCTGAACAAAGTCCCTTATCGATGCAA,42
"29[140],27[152]",CGGAACCTCAAACCCGTAGATTTTCAGGCTTTTACCCCTCA,41
"29[58],22[231]",CGTCTCACTAACAACTTTTAATAGATTAGACTCCAACGTGCCTT,44
"9[237],17[57]",CGACAATAAACAACTTTTTCAGCTAATGGCCCTTTTAAAAGTAAGCACATAAAGTTTAAGCCT,63
"10[83],6[70]",AAGACACACTTTTTTCATCTTTGACCCCATATGCACAGGAAG,42
"3[101],4[84]-1",GCGGGGTGCGTTTTAAACGTACAGACCAGGCGAAAGACTCGCTCAATCGTCTGCATCACGGCACCAT,67
"3[101],4[84]-2",CGCACCCCGCTTTTAAACGTACAGACCAGGCGAAAGACTCGCTCAATCGTCTGCATCACGGCACCAT,67
"13[208],17[223]",TGCAATGCCCTTTTTAAACAAGCAAGCCGTAATAACAAGTGAGA,44
"23[58],16[231]",GCCCTGGTAATCGTATTTAAACTAGCATGTCAGCTGAGCCTTTA,44
"13[124],17[139]",ATTATGACCAAACTTTAGCATGTAGAAACCATCAGAGCGTGCCA,44
"26[202],28[189]",GATTTAGCATAGTACTGAGAGCCAGCAGCGAACGTAGGTTGA,42
"21[195],19[207]",TATTAAGATGCCCCCGTTTGGAACAAGAGTGAGGATCATAT,41
"18[140],20[119]",ATTAATATTTTTGAGTGGTTCCCCAGAGCCTAATTTCCGACTTGTCGCTA,50
"19[82],23[97]",CAATATGATAAACATAGTATTCTAAGAACGCATATTAGGTTTGC,44
"33[195],31[207]",AACTAAAGGCGTCAGAAAGGGATTTTAGACCAACAGCCATA,41
"5[224],3[236]",GGGATGTCTTCTGGAGCTTAATTGCTGAGATTTGTAAAGAC,41
"15[112],13[123]",CATCCTAAATTGAGCTTTCCAGTCGGGATAAATTTAAAAC,40
"10[230],6[217]",GAACAAATCTGTCCAATCATAATTACTAAGCTGAACATTAAA,42
"18[90],20[77]",TCTGGAGCCACGCTTTTATCCCAATCCATTATCCGGCGATAG,42
"27[175],27[194]",CACCCTCCAGACGAACGGGGAAAGCCGGCAAATGAAAGGAATTACGAGGGAATACCGGGATA,62
"27[153],25[165]",GAACCGCCCACAAACGAGCCCCCGATTTACACCTTGTCAGA,41
"4[167],0[154]",AATTATTGATATATGCGCAGACGGTCAAAACAGGTAGAACAA,42
"32[76],33[58]",ACGTTGGTTGCAAACACCAGCAGAAGATACGCTGCCAGAACCGCCACCCCAT,52
"32[118],33[100]",ACCTTATTAGACTGCTGATAGCCCTAAACTACAGGCAGAGCCACCACCGTTT,52
"27[143],24[133]",GCCAATCGGGAGAAACAAGAAATTGCTCAATC,32
"7[208],9[216]",TGGGGCGCGGAAAAAGAAAGGTA,23
"4[83],0[70]",TACCATTGCTTGCTTGGCTGACCTTCATAAAAGATTTATTTA,42
"15[143],12[133]",CAATCAAAGAACGCGAGACTGTAATGTTAAAA,32
"3[237],11[57]-1",GCACCGCGGCTTTTAGCATCGGAACGAGTTTTGCAACGGCTACACAATCAAAAATTCATATGGCGATTTTTTGGGTA,77
"3[237],11[57]-2",GCCGCGGTGCTTTTAGCATCGGAACGAGTTTTGCAACGGCTACACAATCAAAAATTCATATGGCGATTTTTTGGGTA,77
"7[124],6[112]",CCAATTCTGTCAAGGCACCAACCTAAAACGAACAGTTCGTGCAT,44
"29[98],27[111]",AAATCAATTGAAAGATATCAAAATTATTTTGAATACCGTACT,42
"16[188],12[175]",GAATTAATATTAAAATATAACTATATGTATAAAAAGATTGTA,42
"21[59],21[69]",AAATCTGAGAAGAGTCAATAATTTATCAAATTCAAAATTTGAGAAAGGCCGGAGACAGTAAGACGCAGATAT,72
"27[237],35[57]",TCACCAGTACAAACTTTTACGCCTGTAGTCAGAGCCCCCTCAGAGCCGGCGCTGTTTGTGTAG,63
"5[140],3[152]",GCCTGAGGCCAGCCCGGAAGCAAACTCCTCATAAGGCCCAC,41
"25[82],29[97]",AGGGTTAGACGCGCAGTAGCCCGGAATAGGAGTAAGCATCACCC,44
"35[140],33[152]",CGTATAAGAATGGCATCGTCATAAATATAGATGGTTGCTAA,41
"13[166],17[181]",AACGCAAGGAAATGCTATTCCAAGAACGGGCTGAACAGCGGTTT,44
"15[70],13[81]",TTATCAAAGCAATAGAGTGAGCTAACTCGCCATCAAGCAA,40
"6[132],9[124]",GGGCGCACGACTCTAAACGTAGAAAATAAATGCC,34
"9[125],9[152]",ACTACGGCCATATTTTGTTAGCAGAGGATCCCCGGGACGTTGGGTAGATTTAGTTTGACAGTAGCCAACA,70
"14[202],16[189]",GCTTAGGATATATTGAAAAGCCCCAAAAGGGCGCCGACGGGA,42
"24[90],26[77]",GGAAGGTGTGAACCGTCATACATGGCTTATAAGTAAGGCGAA,42
"34[188],30[175]",CGCGTTTAATAGAACGAGAAACACCAGACTTTAAAAAAGCGT,42
"9[195],7[207]",TATAAAGTAAACGCATTGTTATCCGCTCAGAGTAACTCATT,41
"9[70],7[81]",ACTAAAGCACGGAATCCCAGTCACGACGTCGGCCTACTAA,40
"21[101],18[91]",GGCGCTTAGAATCCTTGAATTCAACCTGAGAG,32
"33[112],31[123]",CAGACGTCCGGAACGCGCGTACTATGGTGCGCGAAGATAG,40
"3[143],4[126]-1",CGCACTCACGTTTTCATCGGAACCGAACTGACACCAGACATTGCAACAGGAAATAATAACACTTGAG,67
"3[143],4[126]-2",CGTGAGTGCGTTTTCATCGGAACCGAACTGACACCAGACATTGCAACAGGAAATAATAACACTTGAG,67
"30[216],32[203]",ATTCTGGCAGGAACCAAGTTTGCCTTTAGAATTGCAGTGAAT,42
"12[132],14[119]",TTCGCATAACCTGTAGATAACCCACAAGATTTACGTTCAAAT,42
"18[216],20[203]",ATACATTTCCACTAGTATAAACAGTTAAGGCTGAGAACAATT,42
"1[208],5[223]",TTTGCGGATAATTGTGGGATCGTCACCCTCAAAGACACGAAAGG,44
"21[70],19[81]",AGAAGGCAATAAGATTGCAGCAAGCGGTCAAACAAACCAT,40
"6[216],8[203]",TGTGAGCCAATTCCGAAGGAAACCGAGGACCGACACCTGTTT,42
"22[230],18[217]",GAGTAACGGATTAGAAAACAAAATTAATTCAGATGATAGATA,42
"14[76],15[58]",TGAAATAAAAATTAAAAATAATTCGCGTGCCTAATGCTATCTTACCGAACAG,52
"14[160],15[142]",ATCCAATAGCCTTTAATTGTAAACGTTATAATGAAAATTGAGCGCTAATAAT,52
"0[153],3[142]",TATTACCTAGAAGAGGTGAATTATCACCAAC,31
"6[111],9[100]",CTGCCAGCAAGCTTAAAGGTGGCAACATCAT,31
"9[143],6[133]",AACGGGCTTAATTGAGAACGAACGATGTAGAT,32
"8[160],9[142]",ACGCTCAACCATTATAATGGGATAGGTCTACCGAGCTTATTACGCAGTAAAC,52
"20[76],21[58]",CTTAGATTCAAATCGAGAATCGATGAACGAGAGAGAACGATTTTTTGTTAGC,52
"20[118],21[100]",TTAATTAAATTAATCAAAGGCTATCAGGGGCGAAAACAAAATAAACAGCCGA,52
"33[153],31[165]",ACAACTTTGCCCCCTTCCTCGTTAGAATCCGTGGCAATCCC,41
"17[98],15[111]",GCGCTCACATTTTTAAAGCTAAATCGGTAGTTAATAATATCC,42
"7[231],9[236]",CATCAATACACCGGAGACGA,20
"10[188],6[175]",CGGAATAAGTAATATATACAAATTCTTAATGGTCAGAACAAA,42
"19[166],21[182]",GGAACAAAGCAGTACATGCACCCAGTATTCT,31
"24[216],26[203]",GCAACAGGGAAGAAGCCGCCGCCAGCATAATAGGACAGTTGA,42
"30[132],32[119]",CTTTAATTGCTTTGCATAATCAAAATCATAGTAAAGTGAATT,42
"4[125],0[112]",CCATTTGAGTTGCGGAAAGAGGACAGATTTAATTCATGGAAA,42
"26[160],27[142]",ACAGTACTTTAACGCTGAACCTCAAATACTAAAGGAAATAAATCCTCATACC,52
"28[188],27[174]",GGCAGGTATTTTCAACATTCAACTAATGCAGATTAGAGCCAC,42
"9[101],10[84]",TAAACAAAAGAATACACTTCTGGAAGGACGACGACAGTATTGTAAAAAACGCA,53
"12[216],14[203]",CCGGTTGTTTCACCTAAAAACAGGGAAGCATCGAGACCTCCG,42
"16[230],12[217]",CAGAGAGTTTTATTGTCTGAGAGACTACTGAGTAAATGTACC,42
"17[58],10[231]",GGGGTCTGGCCTTCCTTTTGTAGCCAGCTTCCGGAAGGATAGCC,44
"28[230],24[217]",GAACCACACACTGAATTACAGGTAGAAAATAACCCACCGCCT,42
"15[195],13[207]",ACCGCACTCGCATTAAGGGTGGTTTTTCTATAATCATTAAA,41
"27[101],24[91]",ATCACCAAGTTACAAAATACCTACCGAATTGA,32
"2[202],4[189]",CCGCGACTAAGAGGCCATTCGCCATTCACGGGCCTTGAGGGA,42
"15[101],12[91]",AAATTTCATCTTCTGACCAGAGCATTAACCAA,32
"27[217],25[230]",TACCGTACACCAGAAGCGAAAGGAGCGGTATTAACTCGTTTA,42
"25[231],27[236]",CCAGACGCAACATTGTTTCG,20
"35[58],28[231]",CGGTCAAAACAGAGGTTTTGAGGCGGTCAGGCGCTAGGCCACCA,44
"27[195],25[207]",GCAAGCCCTGACAGGGGCGAGAAAGGAAGTGCCACGAGAGC,41
"25[208],27[216]",AACACTATCGATTCATACCCATG,23
"19[231],21[236]",TTCATCACATCAAGGATTAG,20
"31[166],35[181]",CCTCAAATGACGAGTATTCAGCGGAGTGAGTCATCGGGAGCTAA,44
"31[208],35[223]",AATCAAAAACTCATTCGAATAATAATTTTTACAGAATGGTACGC,44
"4[230],0[217]",CAGCGCCAGCAGCGATCATCGCCTGATAGGCTTAGTGCCGGA,42
"11[98],9[111]",CCAGTGCTTTGAGGGTTTCATTCCATATAAAGAGGCGGGTAA,42
"27[59],27[69]",GCCGTACCTGAGCAAAAGAGATGAAACAAAATATAATTTTATTGTTTGGATTATACTTTTTCAATTCGAGAG,72
"31[124],35[139]",CGTCCAATAAATCATTTGAATTTTCTGTATATCTTTTACGAGCA,44
"11[58],4[231]",ACGCCTCCAGCCAGCTTTTTTCCGGCACCGGCTGCAAGGTTTAC,44
"15[59],15[69]",AACGTGTGATAAATAAGGCAATAAGAATAATCTACTATTTTAGTAGCATTGAATTAGCCCGACCGCGCCTGT,72
"19[208],21[216]",TCCTGATTATACATTTACTCCTC,23
"18[153],21[142]",TTGCCCGCCCTTATCCAACGCTAACGAGAGC,31
"17[140],15[152]",GCTGCATATATTTTACTTTTGCGGGAGACGCAAGAAATCGG,41
"7[166],9[174]",ATTTCGCAACCAGTATGGCATTT,23
"7[82],11[97]",AGTACGGTGAAAACACCATGAGGAAGTTTCATAAAAGACGACGG,44
"15[237],23[57]",GTAGGAATCATTACTTTTCCCAATAGCATAACGTCATGAAAATAGCATTGCCCT???CGCCTG,63
"15[153],13[165]",CTGTCTTTAGAGGGTTCGGCCAACGCGCGATATTTAATTTC,41
"5[58],34[231]",GAGGCAGATTCACCATTTGTCACACGACCACTGAGAACGTAATC,44
"5[98],3[111]",ACCGTTGATTTTGATCAAATATCGCGTTGAACGGTAGCTTGA,42
"25[166],26[161]",TGAAACATAACGCCAAAAAATCTAAAGCATGAGCTTGTTGGCCTTGATATTACCCTCATACAGTA,65
"35[224],33[236]",CAGAATCGTAATAATTTACCCTGACTATCAAATCAGAAAAT,41
"0[216],2[203]",AACCAGGCAGCTGGAAAGGGCGACATTCTTTTGCGTCGAAAT,42
"23[98],21[111]",CCCAGCATCATTGCCGTTCTAGCTGATAATTTTCCTTTTAGC,42
"25[124],29[139]",AGAAATAAATAACGGACCGCCACCCTCAGATAAAGCCACTAAAT,44
"35[182],33[194]",ACAGGAGTGACCTGCAGTTCAGAAAACGGCCCTGAAGGAAC,41
"13[82],17[97]",TAAAGCCTCTAAATTTTAAGTCCTGAACAAAAGAGCATTGCGTT,44
"3[112],1[123]",TACCGATGGAATTAACTTCTTTGATTAGAACGCTCGAGCT,40
"8[202],10[189]",AGTATCATATATTTAACCCGTCGGATTCTGTGAAAATAATAA,42
"3[59],3[69]-1",GCCATGAACGTTTTAATTAATCTTGACAAGAACTATTCATTACCTATAGTCTTTGCAAAGCGGATTGCATCACAAGAGTGTATCGG,86
"3[59],3[69]-2",CGTTCATGGCTTTTAATTAATCTTGACAAGAACTATTCATTACCTATAGTCTTTGCAAAGCGGATTGCATCACAAGAGTGTATCGG,86
"9[153],7[165]",TGTAATTTAAGACTCCTCGAATTCGTAATTTGACCGGATAC,41
"21[153],19[165]",GATTAGTTAATCTTAAAATCAAAAGAATATCGTATTTTTGC,41
"32[202],34[189]",AAGGCTTAGAATGAAGATAGAACCCTTCGCCGATTACTGTAG,42
"0[69],3[58]",CATTGGCCACCGAGCCGGAAACGTCACCTTT,31
"33[70],31[81]",CCCTCATCCACCCTGCGTAACCACCACAAACGAACAGAAG,40
"1[82],5[97]",GGAAGCCCGCATAGGCTTCGAGGTGAATTTACCAGTACAAATTA,44
"20[202],22[186]",TCATTTGTTATCATTTAGAAGTATTAGATGTTCCATGCCTATTTC,45